timestamp,x,y,doppler_velocity,reflectivity
0.0,18.727005942368123,1.5714592843367126,1.4203164615428774,0.5258408605843039
0.10101010101010101,47.53571532049581,31.82052056318902,-4.158600350049512,0.7656773157840739
0.20202020202020202,36.59969709057025,15.717799053816334,-3.3837128590538623,0.7703175608050532
0.30303030303030304,29.93292420985183,25.42853455823514,3.985541885270793,0.8187149507491033
0.40404040404040403,7.800932022121826,45.37832369630465,1.0642905965958995,0.8630456668613308
0.5050505050505051,7.799726016810133,12.464611457443747,-4.908029483833704,0.9879260397312672
0.6060606060606061,2.9041806084099733,20.519146151781488,-3.9852845713396787,0.7581501741505976
0.7070707070707071,43.308807288746756,37.77755692715243,1.6350176910805576,0.661478236470623
0.8080808080808081,30.05575058716044,11.439908274581123,-4.949384161537813,0.8975930973843518
0.9090909090909091,35.40362888980228,3.8489954914396494,-3.3919194858250137,0.6354161256310371
1.0101010101010102,1.0292247147901223,14.4875726456884,0.48733789366586144,0.719485710352818
1.1111111111111112,48.49549260809972,8.061064362700222,1.918951976926932,0.5392281906711329
1.2121212121212122,41.622132040021086,46.484882617128655,1.5196125950260058,0.5126753717077288
1.3131313131313131,10.616955533913808,40.40601897822085,-2.757306905394402,0.9813242073389625
1.4141414141414141,9.091248360355031,31.67018782552117,2.1217922134753584,0.9179900602561029
1.5151515151515151,9.17022549267169,43.57302950938588,-2.6275091250319993,0.847987103046849
1.6161616161616161,15.212112147976885,40.18360384495573,-1.7460030184073227,0.7044764722071349
1.7171717171717171,26.237821581611893,9.328502944301793,2.4649140511802416,0.5866471600354228
1.8181818181818181,21.597250932105787,44.627949924498886,1.496328990472147,0.5782185213355431
1.9191919191919191,14.561457009902096,26.967112095782536,3.4922341049417795,0.6251214490822976
2.0202020202020203,30.592644736118974,40.372007758203125,1.5761289230034334,0.7746133323530602
2.121212121212121,6.974693032602092,44.80456499617466,0.6830860333547157,0.8572979613500311
2.2222222222222223,14.607232426760907,15.900173748593193,-4.063252321719075,0.8300986883588657
2.323232323232323,18.318092164684586,5.502596226383838,-1.3228419694056646,0.6399669484729714
2.4242424242424243,22.803499210851797,11.396758127097083,-2.3479763231827455,0.977432640331597
2.525252525252525,39.25879806965068,21.355389431312815,-2.5601035662091642,0.8689484583478843
2.6262626262626263,9.983689107917987,40.90073829612466,4.730105547524456,0.7771770262557003
2.727272727272727,25.71172192068058,43.036529162817175,-1.069022753332396,0.8058603731171761
2.8282828282828283,29.620728443102124,0.34760652655953517,3.9204655517711338,0.709800031213895
2.929292929292929,2.3225206359998865,25.537365128878285,1.311386259972629,0.6238654947505787
3.0303030303030303,30.37724259507192,20.87055015743895,2.948113035416484,0.6779863393256308
3.131313131313131,8.526206184364577,11.105390523536512,0.0263709310519209,0.8789230552321845
3.2323232323232323,3.252579649263976,5.99326836668414,0.7690388462635909,0.5071967443148779
3.3333333333333335,47.44427686266666,16.8807585701814,-0.07482306181136078,0.5580363202534582
3.4343434343434343,48.28160165372797,47.14548519562596,-3.047570122019555,0.5230013210108764
3.5353535353535355,40.419867405823055,16.160146601037763,2.2245211526150532,0.520364401159485
3.6363636363636362,15.230688458668535,25.939531087168305,-2.192276375591442,0.9277302920055036
3.7373737373737375,4.883605700319194,35.15094794475889,-4.756840335685462,0.8518289296900119
3.8383838383838382,34.211651325607846,18.1814801189647,1.4547229590716784,0.7370869145436626
3.9393939393939394,22.007624686980066,48.589104136048036,-3.2288932059295106,0.5489170803255008
4.040404040404041,6.101911742238942,48.122364747105564,4.4045858435291425,0.7458079375584161
4.141414141414141,24.75884550556351,12.589114791268209,4.539285770025874,0.7367358853902828
4.242424242424242,1.7194260557609198,24.86242529461927,4.148643902204485,0.5866009349550076
4.343434343434343,45.4660201039391,15.043915490838483,-1.2984129974455563,0.7169258246189865
4.444444444444445,12.938999080000846,14.242024718873381,-4.845433834711326,0.6992523671986868
4.545454545454545,33.1261142176991,1.8443473677266398,4.283185625877254,0.8079250490261083
4.646464646464646,15.585553804470548,30.478216698994842,-0.7181585168268567,0.8175468254338218
4.747474747474747,26.00340105889054,25.133951161443076,4.666548190436696,0.5226520048860223
4.848484848484849,27.335513967163983,2.5739375624994674,4.636199770892528,0.6873063073132356
4.94949494949495,9.242722776276352,13.932323211830571,3.5300945546736013,0.8129299578571182
5.05050505050505,48.47923138822793,45.41329429833269,-2.055511079304143,0.7515681292900438
5.151515151515151,38.75664116805573,11.97809453334862,-1.1490227139807474,0.9282449205941612
5.252525252525253,46.97494707820945,7.244743604561155,3.5113667151685686,0.8293468158094726
5.353535353535354,44.74136752138244,24.47263801387815,-1.8307799484372236,0.5814672135407148
5.454545454545454,29.894998940554256,49.282522705530035,-3.305072533139075,0.5352843737002149
5.555555555555555,46.093711751155844,12.10276357557502,0.5680126245835018,0.8212096391031578
5.656565656565657,4.424625102595975,33.606777370293926,4.36154774160781,0.513255655270811
5.757575757575758,9.79914312095726,38.08098076643588,1.9602979667497298,0.7928877906367316
5.858585858585858,2.2613644455269033,11.881877199619984,0.7006117008936492,0.9701151207124787
5.959595959595959,16.266516538163216,36.41081743059298,-4.028235062292315,0.7877370889379395
6.0606060606060606,19.4338644844741,18.38915663596266,1.1500722669916978,0.694084963103261
6.161616161616162,13.567451588694796,31.615291529678974,4.900538501042632,0.8216441092211766
6.262626262626262,41.436875457596464,31.676485538044734,-3.59915984763476,0.7291264452457583
6.363636363636363,17.837666334679465,26.788734203737924,0.1832965236373676,0.7728083946579675
6.4646464646464645,14.046725484369038,4.514488502720415,3.7737307192795537,0.9707324043882626
6.565656565656566,27.134804157912424,41.7651247794619,2.407686177542044,0.6930513189003871
6.666666666666667,7.046211248738132,16.03900324858679,1.9701574099526802,0.9805952819119571
6.767676767676767,40.109849037701984,9.325925519992712,2.024840839871093,0.9526753209780319
6.8686868686868685,3.727532183988541,2.038757077738196,-1.4050884878024483,0.5978955673946482
6.96969696969697,49.34434683002586,29.54464715941209,-2.0640815573550664,0.5346806504375827
7.070707070707071,38.61223846483287,33.87821809211412,3.093611554785136,0.5503890006887133
7.171717171717171,9.93578407670862,0.8293914463928076,3.1011339467918084,0.5091109128257749
7.2727272727272725,0.27610585618011996,25.60465291496405,3.6707231858010374,0.5472214803779643
7.373737373737374,40.77307142274171,11.324788759896897,4.132405525564714,0.8415033867081785
7.474747474747475,35.34286719238086,32.25863952047249,0.11342398860937841,0.5355943242301144
7.575757575757575,36.45035840204937,8.718321450249572,0.015162946871996041,0.6594878151468806
7.6767676767676765,38.56351733429729,34.546886905123294,2.9829517896677515,0.9224376554847273
7.777777777777778,3.7022325867045183,19.33676731502687,1.4996393077776515,0.511635967867913
7.878787878787879,17.92328642721363,46.836499436836725,2.0196687725770337,0.9072342412944678
7.979797979797979,5.793452976256486,6.876047207299663,2.95792669436101,0.6409273873867
8.080808080808081,43.155171293779674,17.053317552512926,3.9000534181756628,0.5590824138108281
8.181818181818182,31.164906341377897,5.673676062029454,-1.620048431484642,0.8483685826820753
8.282828282828282,16.54490124263246,46.23468091392814,-1.24417047360056,0.8144714233899419
8.383838383838384,3.177917514301182,43.86696766904905,-4.06018060159131,0.9387360067635264
8.484848484848484,15.54911608578311,12.89708138575778,0.7828014099617402,0.8675355219019429
8.585858585858587,16.259166101337353,32.999202301708955,-4.640577262032579,0.9017404651924243
8.686868686868687,36.480308916903205,40.86111001006079,-0.3440198186753989,0.6410172862856532
8.787878787878787,31.877873567760656,27.760040579973115,0.4264463470757658,0.5887197718898614
8.88888888888889,44.36063712881633,26.482528917800323,-2.134587478717156,0.8753073758204292
8.98989898989899,23.610746258097464,12.092614545022585,0.9083326056901075,0.9034173696336321
9.09090909090909,5.9797122969150855,4.655138390294961,-4.694997500609506,0.9952525710003366
9.191919191919192,35.66223936114975,44.860787897666334,-4.626518112507856,0.7063088384557132
9.292929292929292,38.03925243084487,45.02090285816652,3.2260056065965834,0.6860090428963916
9.393939393939394,28.063859878474812,31.655072863663396,-1.3980935858873709,0.8882064803709984
9.494949494949495,38.54835899772805,16.951489552435035,-3.7293948734811524,0.6704017701265089
9.595959595959595,24.689779818219538,17.460478730633046,0.2224326005480437,0.9653786628017824
9.696969696969697,26.136641469099704,36.297783943511966,2.6999355309861084,0.9292063759215059
9.797979797979798,21.37705091792748,44.85551299762886,-2.8417897250315685,0.7144970136875092
9.8989898989899,1.2709563372047594,44.354321213255865,1.2289047581900023,0.8754355338957487
10.0,5.394571349665222,38.99377729288119,-4.14652535006232,0.8772714370423411
